"X","X1","X2","X3","X4","X5","X6","X7","X8","X9","X10","X11","X12","X13","X14","X15","X16","X17","X18","X19","X20","X21","X22","X23","X24"
114,0.625183923539929,0.454942851323223,0.353381194051125,0.435611759322355,0.661214969233306,1,0.679274846580372,0.210946857197271,0.231682640211878,0.226904211379926,0.29953004488609,0.446604455465076,0.574192761934561,0.730146369527963,0.787291588250841,0.800140011125397,0.78605597466722,0.787153437774996,0.871272017822227,0.778687872779745,0.739023805675061,0.762771241968883,0.747788750341686,0.725894016621918
171,0.512265282885066,0.426000978398474,0.357672878387708,0.314248059151336,0.286690803630711,0.280943054371367,0.260251426126998,0.2863621292968,0.271545940890321,0.318510811775567,0.458328542395103,0.549327514829121,0.628863399026466,0.706504057516897,0.764338359454922,0.851079404014026,0.942803072695008,0.975322299742439,1,0.992662915893484,0.947495134226991,0.898148057275007,0.747662294574574,0.618510933853812
187,0.655865871310838,0.586886746419643,0.538222312589912,0.505047852980159,0.452957673742605,0.446697377863596,0.438800327587067,0.500893484171845,0.558811737600686,0.488995538013186,0.505347932625487,0.55336520419259,0.582975380847031,0.702238952570738,0.784853293093147,0.871750725317245,0.902835332113597,0.931691288915148,0.983111459392221,0.992559184462226,1,0.864861124364798,0.762016794993888,0.721381630330536
364,0.305627866480532,0.228047391205887,0.210229559025594,0.203001477676938,0.180272473352623,0.16810685626855,0.292204544676506,0.289354000837902,0.299361208249884,0.344648091285844,0.479535981941838,0.660072771400384,0.825062545135513,0.985255223261705,0.983253151174977,1,0.980539787937031,0.922135195418775,0.860619274082105,0.738354426339693,0.718135473672438,0.631356312892457,0.514145834661571,0.397857994239467
370,0.951675440836143,0.827209629677082,0.64277364521885,0.496234317705663,0.416418438963278,0.3737622811386,0.470823023082491,0.477159542435707,0.476132973794739,0.529352427858078,0.656780985827993,0.714955582870539,0.744261505407918,0.781624123133469,0.838779506410998,0.910804667746891,0.97589343548558,0.786541865487184,0.833664157742862,0.884108183851142,1,0.979116810702204,0.966901095137325,0.889213691738489
545,0.429276439770715,0.38130223675575,0.352157532613919,0.403403752173278,0.467742929437048,0.628345777464214,0.647631281520643,0.306424135011883,0.261540857415844,0.304383468057965,0.439693894530803,0.530478142324216,0.631653083049111,0.711312664693424,0.759057418439426,0.88516095048477,1,0.98472920314196,0.961418648297323,0.921308081040254,0.873656897422776,0.753945634353421,0.676823742923595,0.501500442144169
744,0.89922931168225,0.855084814099996,0.821721424851226,0.779695718005654,0.730631975526617,0.664947483300489,0.610700220923504,0.556906665526743,0.293209378533261,0.221849739979765,0.218647748397223,0.226373138993817,0.235332291757567,0.273704419800787,0.305809906933432,0.385190533021425,0.493318040591618,0.887615350283963,0.940762446674328,0.935259562328698,1,0.990042984097597,0.978381173843352,0.959080580535988
861,0.846317273924384,0.670733560714604,0.552375503741843,0.489592907409569,0.444366418340154,0.421633015460502,0.408559242836449,0.317670417883889,0.32391377973657,0.338976694266283,0.373645715692972,0.442049674849778,0.516334065407704,0.637072883184452,0.739642239933025,0.812524143767403,0.864954932750676,0.93954498814341,1,0.983089996805889,0.900954914953019,0.865302137210768,0.825909745221049,0.95213507503764
871,0.627092109368463,0.480412233880656,0.366825661962246,0.328541184313121,0.314988812827925,0.281115189653737,0.256343508678736,0.350272371522282,0.429969903110953,0.538604682534144,0.368766595158405,0.3874732735485,0.411595092404024,0.454751383508612,0.424498549909729,0.445956354339001,0.525682925282481,1,0.990813138679305,0.874172223901223,0.736874169002073,0.769686479048798,0.797264283127461,0.741600571238203
936,0.554268513352344,0.386374331592586,0.365187775207156,0.308405628553349,0.252130425135633,0.214685676130148,0.225073168307073,0.184871328654118,0.242091495082176,0.275201592895518,0.230485851295571,0.224997329219744,0.232453298649847,0.275214043979203,0.318872778334921,0.362777741533321,0.387264406204358,0.759669003091553,1,0.985595362692218,0.967385032901564,0.931545144000375,0.840315099970665,0.713054886383942
1103,0.527793614245874,0.463058045397674,0.344064421357836,0.274558753399414,0.235243561381881,0.218046567541612,0.271138060999868,0.553983193363898,0.290121535941576,0.189015762448671,0.213117372638073,0.245410443955927,0.288027581088301,0.29992821242482,0.377845517746733,0.457504698822437,0.603838292242909,0.737559641645772,0.774959930277867,0.723794790198129,0.875679292813108,0.795204215446433,1,0.798483454303403
1114,0.736767899353649,0.650282918456517,0.596796451521949,0.55541328368782,0.53391472682736,0.512093866998826,0.498283771006288,0.52931924041689,0.532813438286618,0.517741378540342,0.54497546374315,0.602868678877236,0.64264715529314,0.699219351702627,0.752361559676647,0.828309454904395,0.945438380609664,0.982790019615843,1,0.987359560196485,0.95124437615863,0.946775818501705,0.930062469370554,0.86719292837039
1169,0.394692787977237,0.335750547034819,0.27258749793089,0.245398263401897,0.218305524553716,0.216658196140305,0.218690246950119,0.227251425248308,0.263640076334019,0.259545476791709,0.260521719110936,0.353747983171582,0.39293992006621,0.53774186883113,0.854730201269609,0.670690027991942,0.658451755420239,1,0.993304807294715,0.97020377859165,0.871088644259821,0.787337837547844,0.650309965291185,0.520802370483186
1185,0.450589570270371,0.393197415890243,0.395234092914963,0.405514273254192,0.514626210762904,0.48773535302827,0.395957328755007,0.500421424682074,0.331786380799638,0.240056777025722,0.241385006216263,0.259242392299147,0.312592003172319,0.411206464824556,0.710969598390431,0.616458485694771,0.587619585854195,0.608432000375848,0.911895793525991,0.879379971168975,1,0.871933529344649,0.943095657827834,0.555424632774626
1283,0.662792498509491,0.593438569794612,0.528931695738028,0.486944404001171,0.445664413875131,0.412906328330118,0.38701473725697,0.288661214515135,0.312451316560797,0.277284774046932,0.269953544780014,0.293562210314444,0.3326942156477,0.369586140109167,0.436140939020629,0.58899004805992,0.814220321332175,0.89482576096851,0.969587814127297,1,0.934254565925307,0.838367057495046,0.778006314687114,0.73472756583523
1334,0.926211495139841,0.796520053836574,0.544168187971001,0.448943783815595,0.421027125099558,0.41031582773523,0.402092305427627,0.391834891087008,0.36685582469953,0.451727680165657,0.66225183380208,0.716285803621138,0.760771360228286,0.679358976586756,0.608121122606796,0.637334917970979,0.643427796515839,0.705549205439388,0.802109970537981,0.83466042295135,0.788075355578647,0.832458923996092,0.953422286761268,1
1642,0.812859167846763,0.744227535722618,0.678703478720897,0.634712301810588,0.566717116168035,0.516061110637989,0.441869591226618,0.387118222232814,0.373540581929371,0.356853380517554,0.346142650275255,0.359727289273702,0.402361289548796,0.467796842468973,0.520543653136875,0.562026663857563,0.70150041784135,0.967269431254587,1,0.970288399511028,0.867999923082308,0.817323553224414,0.920072737904824,0.959632158568446
1714,0.435255752425787,0.344031911819129,0.364267744964001,0.34514835787807,0.338128052530065,0.284606948130879,0.281203387912942,0.346129984358394,0.335710138077021,0.451324347309018,0.589764190984747,0.784681515753005,0.878396529132595,0.920014064252569,0.973150716768842,1,0.994390944234287,0.889943513574476,0.701188313549764,0.721802945453677,0.654321049018146,0.658946340034066,0.645300786122296,0.483309234262253
1718,0.402401598741639,0.347325039624122,0.317505568370378,0.295054448300409,0.272545709737963,0.234970902259929,0.221071495357862,0.165870826085999,0.232646294175823,0.287020793227254,0.21340881386574,0.190327495086125,0.224865542360261,0.258434075764137,0.624551767892034,0.866491125369374,0.881235942415649,0.974305769715941,0.957523573557278,0.987972677928212,1,0.897244189229334,0.653239703648484,0.509495200910485
1782,0.496988841035862,0.428842489652906,0.386506602488342,0.3515989194172,0.331353341054115,0.311608276488778,0.287314313820096,0.276963613952582,0.293800602131051,0.330211282137193,0.347085745548874,0.355533948829527,0.387010405153421,0.466037777923744,0.570580661716195,0.725846805177254,0.802942971938725,0.931815341035444,1,0.951629586261069,0.879101583700893,0.799453367835412,0.705030532676413,0.580054402105333
1790,0.497672954131623,0.426672850846256,0.375038975371454,0.336725090749328,0.309426729138631,0.294147516558749,0.282430177091153,0.273035305760026,0.277366054304557,0.36963010793354,0.370094962993068,0.424347633840884,0.473458899051033,0.549164366386882,0.630561053486195,0.666770051295764,0.745901770342985,0.91491086491066,0.983188878037449,1,0.950688639853772,0.85945713991954,0.703858525482321,0.565983024661694
1801,0.616928499553853,0.456327491926355,0.394523667311338,0.354038629923901,0.328894829437277,0.305987332885784,0.287070743836618,0.283736533574149,0.171604649185248,0.151054271642169,0.195646320360855,0.263219463297903,0.311671241988565,0.402113120259606,0.422471926612071,0.451208795818199,0.499014222713966,0.566657978173603,0.726165380999506,0.888080561804445,0.952287675426735,1,0.985264114124511,0.846806019216709
1953,0.560501758510284,0.451476532517094,0.377565100934424,0.33291623292289,0.307861312855479,0.274051308852284,0.175376404186197,0.165543317323894,0.371223905449414,0.419737139317976,0.263881144917808,0.190750994196344,0.27241056544622,0.362198992809768,0.507702007215373,0.545345187591342,0.593669401800607,0.683146333822022,0.930641156673134,1,0.898268230754702,0.749360143580326,0.707199552089216,0.790348718345458
2094,0.502292698702721,0.421105495808296,0.376747799646097,0.34349295559604,0.318951457315101,0.312869539795529,0.300911181624553,0.325613227552888,0.341161134397204,0.386549949788596,0.468105945761144,0.562848757980698,0.676552855387975,0.833158394314186,0.919397701313477,0.94731175942463,0.949626730529594,0.960639144055094,1,0.943158696442442,0.884632485629041,0.828220117081757,0.738859935442709,0.579305141830358
2129,0.710355891074246,0.552164765521916,0.470005745825067,0.431124704139775,0.395160872307764,0.374037518125509,0.352974998044324,0.36480957879912,0.403133615909758,0.304123128800891,0.330816351403749,0.364074451806378,0.410079853630251,0.470268453091238,0.517718815003791,0.608519253913814,0.643825738820768,0.814727400077438,0.886691639761108,0.949668239425447,1,0.970750607522672,0.935675806851573,0.850693110369086
2158,0.556803676779488,0.50103214990672,0.455865313000344,0.403959693606179,0.422297489085009,0.40654159043495,0.394715814000356,0.475926744032914,0.535092310216118,0.486866668768644,0.566420557489634,0.641070079869712,0.700201618983275,0.721900381319319,0.892171292215937,0.949540076772952,1,0.980347702478915,0.962254472225987,0.926817397356434,0.979237716837405,0.844879829159781,0.801744337659855,0.68207543102818
2199,0.593759227861141,0.396427209611215,0.292449562959721,0.254218381206649,0.221876910413911,0.214790366577069,0.187550361334767,0.219372953248991,0.271051434766413,0.273676566861803,0.240777536844632,0.219163863655018,0.226688776708806,0.255706230105118,0.368491990631762,0.433279878536355,0.562481199368684,0.653635285553896,0.612464505110308,0.674546290964051,0.667991263776066,1,0.754860365417075,0.828013849617208
2233,0.375554460235415,0.411047927304729,0.3868641439289,0.336542953918581,0.295019853133119,0.266489728231661,0.247847845392394,0.128499471302364,0.142972577310224,0.142024154186774,0.131576958593652,0.137633242943258,0.168515902962867,0.240647875259121,0.417654047353309,0.648413935559716,0.877705089186837,0.843175053663558,0.976398317271245,1,0.932873933403797,0.905636732684307,0.778281502491887,0.341981514209074
2335,0.339817011107826,0.292212471728372,0.257297095972512,0.227523074562195,0.198517550069887,0.177814154213933,0.173822379745142,0.148758134332665,0.139575368876606,0.131267435791205,0.157588644734415,0.173289606510036,0.207838852557347,0.21986601485292,0.270826679995134,0.281560882818488,0.477125438093778,0.68849677273878,0.733653744565942,0.772510220811353,1,0.866930944419363,0.610001964903925,0.415592037256633
2337,0.577299002332639,0.6786706387403,0.543248923055507,0.454160026217752,0.394752641336805,0.339151822546525,0.330450726983404,0.324380536543077,0.364455802490525,0.375708238984085,0.408507109790627,0.529786029686389,0.627175287749152,0.775387234981618,0.902678681091641,0.938710257801132,0.949971601751255,0.975001028001043,1,0.962032603999026,0.899020784917349,0.80434538085046,0.736761139294097,0.618521403322073
2449,0.609123481957238,0.452087224236186,0.380463988038959,0.368526621820763,0.313416225666969,0.314374597725527,0.270606929850384,0.332737714793402,0.491686706616361,0.534785511846242,0.604589149731711,0.648196770649609,0.745444249367685,0.835980675610014,0.842796645359628,0.856919621090156,0.960131301532462,0.96770143193916,0.938704635404424,1,0.954315064957856,0.921565643610218,0.893882434657549,0.845987686038473
2470,0.809439870506332,0.495006370206779,0.359257696215413,0.30592595183795,0.280985764871422,0.271309898228486,0.241308966947567,0.241697336497767,0.262817324466012,0.147298753913853,0.165507713288485,0.191154458256232,0.216432060449756,0.197364428018061,0.153088507607647,0.188234073939552,0.244228036796354,0.316033184260275,0.4175753896969,0.456470469308192,0.446935424738276,0.425270230443586,0.754195705492197,1
2814,0.67903695352785,0.522285540122464,0.437403923369325,0.333575684943546,0.295966788200392,0.265571058522308,0.270723922769002,0.278178691483471,0.272112617817752,0.324919027133305,0.347266644211878,0.369166697998727,0.446617503583286,0.522382296662744,0.650047580789223,0.693382200928475,0.725197772391665,0.800625979719223,0.929646693131805,0.927418634623772,0.894946523185535,0.818516060227387,1,0.996418156842785
2818,0.453324442605224,0.392944341412359,0.330676903160167,0.289602805415538,0.279107433274128,0.247386300241768,0.238464136777019,0.200271185574237,0.210172504880899,0.240002035929997,0.272396327667809,0.396469302405613,0.48631688068227,0.545538381347955,0.849532060662229,0.982398497252279,0.930828227851222,0.741768637053346,1,0.977193252362153,0.720102023821862,0.597945969620457,0.577202739106145,0.528653027788679
2829,0.510803623261816,0.395901487833976,0.348257203027294,0.316171718664087,0.295415581168427,0.283897872911228,0.294194141841423,0.356040060414208,0.463789652896511,0.499990328782217,0.465714943735979,0.456928136413019,0.50565470183012,0.561687515477066,0.613269364627954,0.673027630529534,0.725846846710889,0.965852301076692,0.990039722793569,1,0.944068320167945,0.819901100060716,0.701687454009949,0.620326115808202
2980,0.423326641159438,0.355164450937661,0.319596400098811,0.286796990663367,0.258553236345788,0.245796589784732,0.236687916854299,0.227939891372232,0.259197676730636,0.323600902378254,0.386774643620511,0.457104358033529,0.559566520549671,0.662032039877119,0.756497164253618,0.814420968796466,0.915302849294393,0.999380939055637,1,0.976391420496673,0.923397084786934,0.783081609104998,0.663641832917915,0.551196023905778
2986,0.499875959982021,0.452540210330052,0.390903383325588,0.338996756902824,0.314863121058874,0.288781723863831,0.263438421393729,0.252234793262535,0.238300119309542,0.245486924835612,0.284625940147911,0.361080169307531,0.493393747427869,0.607172203422793,0.737356571469002,0.909565817094567,0.959091454738739,1,0.999673325806806,0.978202081992084,0.914033347251204,0.757192906186185,0.646439107570927,0.558389932419785
3039,0.8189704187485,0.736399253461533,0.607694928384201,0.528551538213049,0.475506425580526,0.471974336075985,0.359716747382376,0.290563070752869,0.566348729301571,0.46097794231722,0.31870489961566,0.258035892628478,0.291027480794938,0.476210010929191,0.487686109459998,0.493266432615707,0.536362061664202,0.596053914174289,0.744798175550739,0.914993254566646,0.927774749076985,1,0.982313761766137,0.940287555239998
3192,0.692169651243963,0.551483318374431,0.567742824223742,0.581673058267201,0.675416252259575,0.654486172710287,0.270636198536399,0.297893010460503,0.283947186754126,0.272351711677194,0.296100700704731,0.317257522233518,0.380095167188581,0.432771282136316,0.492086816929421,0.541274028592584,0.269316909725074,0.260191488997958,0.318482225378393,0.424549462980433,0.35614950429659,0.649459100879366,1,0.824496459973459
3224,0.945631767502549,0.71986093569569,0.517367097060949,0.428562709205195,0.365479812758495,0.360150154303155,0.353996120291952,0.316071588862075,0.296388879826227,0.260917613008266,0.283590979633687,0.306201661949427,0.286810946921262,0.362482697987091,0.445658201504888,0.46760527112891,0.558067729217976,0.675715021903556,0.78529036714278,0.837194096192629,0.782801476911331,0.852122584402831,1,0.907494588941185
3367,0.514191827394665,0.536753091500831,0.506668542179592,0.50589234406946,0.427660842940208,0.349505434724288,0.282412194944729,0.17386007305557,0.225494352917862,0.281503901979897,0.303428877919596,0.348378663087734,0.421599509143994,0.521606727191149,0.614323365995004,0.704817925094964,0.771830975562345,0.87262338027394,1,0.91389574586504,0.868521900167073,0.806153809637193,0.800306824834835,0.660672812845559
3456,0.246655146708043,0.229064696279319,0.224811872118819,0.224308175899982,0.218131509344829,0.243180172210822,0.469257286573243,0.635935706638009,0.597025042302751,0.525710362615197,0.487508148470059,0.512646899451993,0.581056539384529,0.693361237046723,0.778719159908352,0.838645768908064,0.916216379161485,0.932159823124954,1,0.982510174049259,0.955519950353717,0.876640290889205,0.34887230801558,0.284165770350826
3527,0.423463911565579,0.36573751428689,0.31060728560756,0.286618268608644,0.257472712721139,0.24592693287808,0.251592811397462,0.305005987898175,0.368626551897224,0.359511431036779,0.379558078112152,0.438498179666797,0.508509981800358,0.624586271290618,0.65080692702893,0.701202600410319,0.757328127560671,0.838586796341664,0.916644994361197,1,0.98518871879563,0.840797762700958,0.739064102366591,0.521150060917287
3544,0.542044692560178,0.398592194180076,0.328534025312531,0.289146739055178,0.281134579977664,0.278455258710512,0.302238812617022,0.357308663643296,0.381073838722294,0.220749551082339,0.238569118990537,0.249231795868658,0.284896867507,0.299581115585542,0.317934604991392,0.370643769461134,0.688688899438806,0.811316002012349,0.999323259818074,0.916486204599164,0.840536228561271,0.880639098122745,1,0.846448295057524
3635,0.905892516049376,0.818395042513616,0.7735933998184,0.725516825369449,0.675765425193805,0.630680669554352,0.589528752624383,0.453532011353522,0.358053961866904,0.272633492311096,0.238851398782396,0.221211916387983,0.27179150749649,0.334315921042345,0.436467169140549,0.502346542225185,0.59789990372404,0.736447124093041,0.836314742490261,0.892589395358584,0.935015600676648,0.971912469594643,1,0.98012808351354
3719,0.558570634346939,0.420815420731222,0.33412244143558,0.29680239263399,0.285032735173142,0.259771548752008,0.09161606796196,0.0867697601833296,0.104450687276707,0.135151197453906,0.201894017077184,0.285716360447905,0.359303048343929,0.444973839348059,0.540710013072889,0.66770300404633,0.826708146288324,0.946998467024207,0.954628574608976,1,0.99376284997269,0.860009512268266,0.919108667123011,0.874172456178703
3723,1,0.65017780319344,0.565779338238047,0.4706249484672,0.407975524120628,0.365091926315459,0.328230650830548,0.291620021976686,0.2785908880424,0.260488661779159,0.259724867011374,0.328398423201797,0.463536190727311,0.620107471170626,0.609845590095814,0.613474714335109,0.572516856823004,0.580956991753325,0.740318721513116,0.67446197122082,0.678942706528564,0.668684143256242,0.604795388849663,0.844818895295312
3935,0.487252293773131,0.397279671213425,0.267565403889265,0.218746987428745,0.212173237443718,0.197579768774428,0.194269028151619,0.189995284331909,0.21054270395261,0.326265746535658,0.416682997313554,0.577964289014447,0.643296243658567,0.642673916744669,0.62881964239519,0.741561972062199,0.846495904376471,0.896541007216818,0.964191987255291,1,0.998751477708943,0.961462797416441,0.841926966449907,0.674236967860883
3964,0.457672174512147,0.375335362640375,0.302582926026723,0.252621407219537,0.235548520594371,0.212553920271184,0.197570820618728,0.248155128446665,0.332662144181863,0.337865319103029,0.415654131976191,0.53915033855203,0.638657168275076,0.666794655600218,0.680779823575407,0.764832741414366,0.846371204507521,0.892428952646018,1,0.911866437876686,0.877855299844874,0.787689328893732,0.729304848204532,0.575972874040927
3967,0.744813364958274,0.601544954758311,0.496711160024326,0.448826214373288,0.410664567225031,0.411645958619392,0.3930744931813,0.373873462859811,0.360665502399903,0.37908945664889,0.419959431549794,0.509178341304642,0.602415333078714,0.718379615497349,0.826274667751497,0.924862734220852,1,0.882596305355338,0.947318402166538,0.953978034359765,0.931200901783651,0.938099030887352,0.907368364993172,0.82923200421715
4031,0.308963434540498,0.324011160176404,0.350169073748252,0.328074193236023,0.286594782645745,0.248513366223229,0.227172707027651,0.23157837700733,0.319756512894394,0.237835659961844,0.324409421606478,0.422607664961683,0.501843012630338,0.568533157089752,0.664600664460135,0.719889409626535,0.801829669820373,0.818226455734672,0.911347571821989,1,0.895301472716423,0.762754531226772,0.740870547402787,0.666800739959867
4297,0.579811237241036,0.562293782926128,0.534502030941072,0.507083942051362,0.459817549645363,0.446024190366677,0.392550025120803,0.279207151632627,0.241397445171538,0.256267952553696,0.368976102471839,0.347976924536872,0.436197416926582,0.52717299314879,0.60078842684643,0.6519517313615,0.727491401158877,0.697449449906558,0.857722025952579,0.812896962074536,0.806462974064058,0.832440883397901,1,0.790037650709517
4357,0.901184291578781,0.808919059042791,0.662361081078265,0.562087117540888,0.526959044993717,0.494115474128179,0.47894683132646,0.491987150831404,0.495415406203708,0.489551666800455,0.601438575700309,0.547559404371548,0.579347303397173,0.654466098929601,0.737165401700818,0.794546804267028,0.917135840033244,0.945900492673756,0.910069219883884,0.861122659480986,0.863787267441551,0.828011790387478,0.880364990131974,1
4447,0.932002892993067,0.748408024836527,0.628366264990621,0.557928431982115,0.488473280283113,0.46449469539245,0.431631946021757,0.411877443765885,0.346209794598995,0.31077258506196,0.264720079558516,0.285681651285244,0.30132327454725,0.372498241148109,0.45974146099259,0.518314529037808,0.628952021163137,0.736535997448599,0.814848005050669,0.871612188478918,0.89741218556262,0.85403000481391,0.842169095266614,1
4732,0.908540018743539,0.678112671486468,0.50436771086912,0.414318735698267,0.375964612678117,0.333966370220809,0.303081140772915,0.267895107316215,0.30466194734752,0.436889473444474,0.274321408865699,0.261243293967004,0.268274047341709,0.192369495961542,0.230522311726804,0.279772098893337,0.437062383213922,0.838282499019092,0.814389541794517,0.837485894925662,0.843647734661503,0.753406126340965,0.833142038908918,1
5129,0.505851122583994,0.465221852979224,0.38500786316292,0.363106309737355,0.344172267796158,0.320438923371438,0.295599273589678,0.398173654978186,0.714586047710653,0.701141034894473,0.401626078437076,0.454296573960713,0.445205959394292,0.605598663280624,0.675047386334466,0.746131206669974,0.747786669674065,0.823601870154074,0.822753601372356,0.993319630283144,1,0.92708767633583,0.935729117922098,0.687114373883417
5246,0.686273352956704,0.617737993001019,0.561600056829313,0.536320667216602,0.494407200798391,0.461298615332301,0.433062478169129,0.358994408840055,0.333962347461794,0.386416448816954,0.425296235057116,0.560706092270212,0.678261854563883,0.734297699954215,0.806310698516488,0.846086860142274,0.954539760313234,0.989256123746085,1,0.982124743310964,0.899263807311629,0.813733933687677,0.821440366173358,0.849075919372759
5403,0.590170184708176,0.431646132695055,0.374899262571782,0.337294727671559,0.31486452694094,0.293906640599142,0.301980135664535,0.30108882763223,0.318960800827371,0.368434124763414,0.456398473584067,0.552499117158602,0.578139126453669,0.612498329821048,0.774479756687093,0.877908594268332,0.883079388369624,0.902640881203355,0.921915778153191,0.971220866054274,0.992552173503732,1,0.965063551808028,0.827747165244485
5438,0.763864649585867,0.660128583591261,0.540055245021405,0.459414957981076,0.400444188655186,0.346008411747446,0.324103747038467,0.307808688906159,0.32614710576469,0.357643558347754,0.335594902136258,0.401233079834229,0.490171577976764,0.613635786764111,0.726453247361586,0.79372300456562,0.870234814857529,0.951013945448929,0.996818017017951,1,0.960373855441314,0.934778611548675,0.954745300440292,0.861766224664706
5738,0.757194740604017,0.417809990221429,0.338444788128414,0.372279710814324,0.319900320985024,0.280535491820355,0.268005309460539,0.686876500454345,0.325486452423126,0.367791281401646,0.395734749853818,0.43428786347611,0.477985272284669,0.550663540838388,0.677822704364245,0.599817563883434,0.742047315187756,0.877789902524118,0.882952200378165,1,0.971942205291397,0.892847047880577,0.85166207329131,0.974035349573945
5746,0.923203090505497,0.795215353953266,0.590566543309231,0.463653212983546,0.436632636114966,0.438128898033616,0.422131407515534,0.423253189791864,0.486696281480921,0.681737331724039,0.323640116817182,0.427772344746216,0.58315745445933,0.685392935789162,0.724577487689371,0.836874276644697,0.89007188440174,0.933701320334379,1,0.983100233642003,0.801113928550395,0.768672277409937,0.70795689028593,0.764813098071499
5785,0.471730367421893,0.430323615432578,0.409000521104869,0.378980955630934,0.370676738321669,0.372975897601146,0.446878855160063,0.46671827801372,0.480756303648692,0.472785814157407,0.474222289535458,0.532994203370385,0.613518075615089,0.707335330470827,0.789403744104915,0.870542380798786,0.937539195231527,0.980693141049105,1,0.978818320825879,0.832838095222534,0.746735224775596,0.679991073910075,0.514463348907988
5796,0.638293132780315,0.554577893564335,0.486880207344193,0.441466334181644,0.416013550280402,0.394440121227312,0.374196594204944,0.389858715038833,0.392792339452557,0.258350545114064,0.370835411453321,0.385717629917997,0.337910285271039,0.453468397729806,0.528441567944595,0.642344634417404,0.694413683416323,0.728722043621819,0.927889507045878,0.922730495213715,0.937595305242884,1,0.996321664794881,0.814360179872921
5817,0.823777705621887,0.545528396836126,0.435104308648066,0.380352113866537,0.347531660089734,0.336453102201395,0.35053236466239,0.31563730455587,0.412639265306341,0.417574959571785,0.355360156547302,0.336827801788574,0.417602535715782,0.454612679287202,0.541902582033019,0.590661762049786,0.592925554169253,0.643606799804325,0.810841247474019,0.981014043643874,0.965985278208897,0.973234287190758,0.986207688013731,1
5949,0.619639679709787,0.435777407584021,0.373171100036866,0.322190534003525,0.290347864006872,0.262534185682065,0.2381382827019,0.196440418530362,0.246713254322784,0.255238992100344,0.297367821631753,0.290009931174039,0.334825994890634,0.439675812526767,0.505227496757106,0.652156291469035,0.749484764838757,0.87248957814782,1,0.943098972656815,0.796670528155808,0.764921433905439,0.749504897069337,0.84700572491057
5972,0.357594195887663,0.290340984971536,0.266244751596113,0.26025484316921,0.247925546013607,0.246710902242754,0.271247504025586,0.378338873604637,0.415502434033604,0.472570677960432,0.576508972824546,0.65926126611273,0.746181420109195,0.811961260264352,0.859530260171992,0.910500577524081,0.924232307403017,0.923661142928647,0.913321579719795,1,0.979808409120661,0.90119138110473,0.817650525142557,0.625017445919191
6266,0.801044505988767,0.656782495234801,0.547571699648473,0.494642737620572,0.451372718210516,0.409393835250553,0.36502443494183,0.202473179571604,0.272337000512305,0.224244663836717,0.238193216277218,0.368321138313883,0.489556450230213,0.605746951468869,0.719314726779887,0.817985512203048,0.855244870612743,0.867385293222171,0.947872752048008,1,0.967701920678499,0.851174733694172,0.850200788485669,0.924389718041013
6423,0.550896689565333,0.508803860677888,0.472755569510252,0.448246876843618,0.43219645820047,0.418377782577225,0.399684453682514,0.391216029888998,0.382222888370352,0.399666558313687,0.457615319562462,0.552531523732269,0.639402488846618,0.773219164583588,0.795687234461148,0.836437643495384,0.882635162386464,0.919308079933223,0.947784377964841,1,0.950856878144915,0.888924466718579,0.76347667409567,0.645126170996574
6636,1,0.762622605528671,0.634383278100349,0.502329413497092,0.436776676903628,0.384515010591307,0.305293901708699,0.321014121767527,0.238199506273619,0.118740199643969,0.150809869288432,0.17651156351538,0.192825545362695,0.247090267913885,0.245650427966591,0.256456392716456,0.270738535623585,0.201616825492341,0.348294179535458,0.364365675305488,0.524495169586297,0.546913230642601,0.761747416676737,0.84446086629647
6643,0.336996778472186,0.285880668610808,0.270170766316084,0.250116341559356,0.235758367268406,0.220210130513054,0.212095229696222,0.4106782258077,0.385579589431702,0.255354358012997,0.237461137345098,0.217316420593161,0.216966749310504,0.287878971731946,0.340957568733883,0.419034057357079,0.547622029096327,0.787247805056009,0.888124083213915,1,0.894932239279779,0.64983404871436,0.575201193716477,0.455324074567124
6673,0.848937784134402,0.607388171869943,0.487979857614275,0.434205385776147,0.407554981042335,0.386149733655351,0.354773899303922,0.359170873789134,0.318514299285061,0.313406047722256,0.438614012491892,0.545912701274742,0.663064325024406,0.76187635555188,0.808450009012063,0.877119030590687,0.826316362919134,0.784112301106029,0.790288943879546,0.814227119255787,1,0.893671977584314,0.817625768868334,0.744611252587091
6836,0.478562344676565,0.35826063967986,0.414205888654125,0.52728029394736,0.783666219197413,1,0.1847388041092,0.225470285498625,0.264965005540004,0.197523814814493,0.123662747314858,0.157004506259669,0.187642841053295,0.191637522700415,0.273407127826577,0.371169296572903,0.439834376623061,0.433449880737239,0.474937629142826,0.487877004557582,0.488258249866659,0.486401239642828,0.471210591976516,0.536003756117291
6910,0.516676234542341,0.431130115289634,0.391031573472249,0.38903508964186,0.363648263888513,0.358600111179059,0.357160548422455,0.244931114128125,0.21861006988499,0.180318865511114,0.131505658314702,0.149563896274587,0.240477971368482,0.264361025092432,0.315935360703437,0.293710979171423,0.313017987050186,0.456295360467101,0.801093810485624,0.973710267462509,0.921764077708329,0.898255724474295,1,0.678396833988122
6941,0.677037911960488,0.609954138792674,0.543890104685685,0.431864291976942,0.349952638950702,0.245145990434054,0.220976222079887,0.207980418619787,0.184241030002686,0.180404470587852,0.211660286050656,0.232058983274834,0.242055468432912,0.314982464427374,0.466429926121392,0.835173701292319,0.801159377495951,0.785754348379805,0.790106224644063,0.928616656934616,1,0.941036285602505,0.749676277378003,0.73319638762627
6990,0.554851565055074,0.628534246749755,0.520595996408691,0.39956329832917,0.322657332052871,0.252179672326549,0.216114394633283,0.266039038388285,0.309374451964738,0.307949380508025,0.263909990033925,0.319964937091054,0.395384180453172,0.500071415081592,0.475403320791028,0.570144890493534,0.760209286406272,0.867193975507483,1,0.971956616923041,0.879311817999769,0.845518930256399,0.720515924202945,0.531474242028626
7016,0.598357323346457,0.50661674661989,0.432963977136483,0.411994892087681,0.381290863202469,0.340185745653395,0.320218622480794,0.306616570499425,0.329518447934782,0.396758346870405,0.513622861372789,0.600552371910705,0.665108790599302,0.715977008153967,0.804963299300389,0.824487588777029,0.906411517830083,0.964917196125227,1,0.930836628458056,0.88483167299146,0.797603237214282,0.782395244983244,0.684632495350691
7108,0.58334976661865,0.448882754445647,0.36721312766201,0.323277734626431,0.27218236977602,0.24104368619272,0.235221405915551,0.240919809795582,0.268752105567591,0.192281004547131,0.142504831671809,0.131381327829272,0.142329191215469,0.166283312808106,0.196208956381643,0.266810829889883,0.304746585506222,0.355978173650035,1,0.807595720052346,0.742486699764156,0.719696503407121,0.610750159061796,0.780866706123138
7429,0.78337150374648,0.66907077262517,0.578967511758635,0.506256969772597,0.464631713378029,0.447999097743931,0.406365740363661,0.405844585963285,0.179406871005181,0.207523110144057,0.224291269075284,0.217007044860161,0.280740545907917,0.409161508254687,0.520549930155033,0.661172182365402,0.748045507062002,0.855532702531043,0.908715410449169,0.992185185793451,0.919291328893078,1,0.970891520254574,0.902395938768681
7536,0.719760111649656,0.598028340915664,0.481384357202664,0.408061907487006,0.378807870841688,0.335802219017822,0.316481935764479,0.302615911603876,0.320388552990679,0.337141510424405,0.203656296902996,0.383311115922536,0.627516920062746,0.91747220663115,0.927119602276171,0.664640709009011,0.728635174027732,0.826957319619938,0.93859484895622,1,0.87316157799252,0.821628352449734,0.824904821129878,0.851721350177035
7731,0.290138342241469,0.286055852811576,0.265432822557306,0.232353636455275,0.208653105936954,0.195278815090075,0.178482704384605,0.167693963814573,0.266437591360425,0.300985834040156,0.33774805830353,0.340619938533662,0.425684522531301,0.576369225057782,0.74392414137968,0.775785538442441,0.684110744215933,0.783403693401558,0.910868497343569,1,0.949802711386786,0.846127484594273,0.571457020312623,0.319280687591212
7769,0.645020776975794,0.384088515214295,0.263307809968,0.261347448499479,0.212188226048461,0.217089039884812,0.19007581262923,0.234205731762961,0.144765904400526,0.158661409072073,0.143539598977591,0.181404577971651,0.208541249376891,0.324921476458561,0.272885876073586,0.266191269189489,0.48407120677502,0.688277683539835,0.720394551524624,0.949374381274927,1,0.864075749533815,0.832851583465126,0.886830230682744
7800,0.646873056801479,0.549845648659785,0.438068819220675,0.380461990067499,0.325252011203405,0.313476876666332,0.296365137288113,0.298567787806797,0.322924913116469,0.391290281413662,0.460561228660558,0.55001746445132,0.618379279302856,0.699263342824905,0.744713692085666,0.778301341498798,0.834115148446097,0.903496716994538,0.960854178041925,1,0.992819742692721,0.867855836006211,0.785818901378981,0.727685064176514
7863,0.739605013689786,0.408047951675367,0.319868277663948,0.267121493953227,0.221919163230801,0.20311143142112,0.101754972754322,0.121100400580313,0.156286056391609,0.219223516103338,0.276222660159892,0.34911099332947,0.41045518553913,0.424546266222061,0.513634664555577,0.575074039108951,0.630593749506381,0.663245319541212,0.700002961425105,0.675346655774257,0.673520347158985,0.648854772125927,1,0.955330872807055
7866,0.760176012167422,0.661232912666765,0.530034215243797,0.377222740126455,0.461413591016671,0.38414109804104,0.375579504687715,0.329287231062683,0.268438203402292,0.230779470128013,0.21808798707748,0.252368692977998,0.260215417996132,0.317105143818904,0.328415206192239,0.432791297099135,0.459743734989032,0.59970138756788,0.813793663660677,0.763513347597248,0.70800876933777,0.619267346959687,1,0.847560618982669
7900,0.465202505511895,0.40749103241064,0.368744905020429,0.335264439238615,0.317984152828123,0.298462147878284,0.285570295712552,0.329020422984381,0.383885480813861,0.344644431912417,0.390442705643347,0.50520790140126,0.628814212421996,0.630106987451228,0.718443470806382,0.818359805298218,0.887455560143477,0.927314074691854,0.990431592992458,1,0.96044467069575,0.857397233634156,0.738647692215012,0.578475711140293
7989,0.743891110598478,0.689576966273715,0.604574991455634,0.455608699563453,0.369125709692825,0.36922570398039,0.339723478416425,0.289184955852961,0.304993416124437,0.272349240743225,0.29298600392392,0.353465289243436,0.313040422708095,0.405327898056798,0.592452152287477,0.663287386088782,0.717785093880623,0.801719266261134,0.839505932785803,0.762363922969282,0.793018404374816,0.962822539546551,1,0.89967634194065
8047,0.619377058661378,0.488245452443226,0.390698328220062,0.367245054543066,0.319594001574319,0.27797137936919,0.270942821252631,0.258296114735565,0.293292284568921,0.31790656731878,0.387939416861314,0.422141107995242,0.407652120982117,0.434212507087899,0.467729219010062,0.538537207041805,0.590175959652241,0.685757202260633,0.796544404242343,0.806185238515916,0.771305079675987,0.808020291212463,1,0.870810959539421
8084,0.70977944106618,0.625296594915663,0.575484043577645,0.521192736854886,0.479402394472581,0.437057100000061,0.40395877059647,0.408115234046631,0.441613923773222,0.386642889410472,0.418320949072854,0.458801561267357,0.51177014615271,0.571109445748731,0.649987757067514,0.700257160418319,0.763690856988772,0.828250662052023,0.979101083636724,1,0.925309315822233,0.865102822709248,0.7550463289468,0.730352782170181
8236,0.36949812536783,0.327061545084677,0.250721065046611,0.196941275467832,0.158761634912306,0.139249617809703,0.203290024269161,0.234776527364293,0.222797241851157,0.215362038470595,0.280281229568997,0.34717135049865,0.42964419340571,0.485577359523366,0.579301581209229,0.69302825523382,0.80127453986675,0.942953794485044,0.938247037137429,1,0.943864166277213,0.773286635358893,0.597765841282139,0.422853028895239
8317,0.736464698058435,0.622041475582599,0.502802330946006,0.406976908726059,0.357340581008701,0.343490079073808,0.348760865043221,0.381131983045152,0.459333240468809,0.590141447465269,0.689827118241932,0.73350874651009,0.858036720010091,0.942562647401543,0.921762174882409,0.949087284307884,0.931555539926603,0.91921601809802,0.982387586573144,0.978157271480554,1,0.966150051509587,0.966746528226536,0.91135994478941
8597,0.751786018471594,0.540741136675783,0.459685772510347,0.407437335216511,0.352413502035446,0.319290494426488,0.296096045578413,0.27828925587539,0.274307601014978,0.293460774115372,0.354121718391911,0.515867441440439,0.665941808511795,0.788283275442155,0.882307244569863,0.911865513824654,0.954012536388257,0.983505625393457,1,0.997226167443139,0.938737457272403,0.904232776148699,0.864883244636001,0.765502875024603
8626,0.876958064438142,0.825229351167147,0.557438474406435,0.36786941644408,0.313104821672722,0.299583094903211,0.32613316087206,0.229529575253214,0.321108165000066,0.289584033057711,0.280616262934017,0.318769641463092,0.343088060825514,0.397672132902678,0.36753799554151,0.373837578245164,0.454926795940215,0.498870382334735,0.578508814066116,0.784143851335081,0.770797622037252,0.87425747493761,0.975226180225913,1
8669,0.64275931854578,0.48605493882894,0.377038416952314,0.291970549756118,0.234974901789397,0.207716757873675,0.197719368769416,0.185720355407219,0.162997366603083,0.158015441672868,0.212596814860039,0.29303587734786,0.416732556895816,0.530065451829933,0.561675031518048,0.634935785183417,0.704912263045486,0.810968164805271,0.876190410464323,0.897017465940559,0.92409366399195,1,0.898582565572924,0.747206104614476
8829,0.461912166924056,0.409025469556641,0.37781116667931,0.3506236801429,0.329791823933476,0.304871501728779,0.320618565171198,0.23087334524104,0.309488547000336,0.317810553250712,0.291909399014342,0.35508638119479,0.437594590810153,0.501284175086715,0.608806218252139,0.691538789474921,0.783017577539223,0.87449624710559,0.963578399412862,1,0.955319436357957,0.783386822064884,0.685262252170766,0.6384021498547
9019,0.579720543400357,0.475046599236299,0.443403497099571,0.447907758304086,0.413069251875602,0.420197783264882,0.374927056443583,0.3805845924577,0.401996005783305,0.413409933091912,0.512598867359649,0.592531366465298,0.713399146615504,0.867338160887078,1,0.977492857449299,0.95809999631123,0.937545047677894,0.902123427572889,0.899628225498214,0.830393246742882,0.780180240647508,0.753814004432027,0.689925478543614
9160,0.561003736020673,0.463834652242352,0.365243548426911,0.256460070799122,0.243028298882872,0.22721820216303,0.225144466016774,0.240316650801999,0.251664068174106,0.280525145060389,0.587649035123563,0.880851623506677,1,0.88686790369069,0.645832401056919,0.618063574085934,0.692164091787248,0.802676134367995,0.886981892602512,0.984488946476497,0.949284398328677,0.851767025631977,0.836379531653766,0.735793186622208
9609,0.996177830408622,0.843710144309284,0.664064706741521,0.446577153072964,0.373178078644744,0.280214030233529,0.239818186525353,0.538377473790927,0.400429930700648,0.579893559340715,0.388442310439913,0.403793668533934,0.484028261236777,0.514531373559245,0.647976060717748,0.72369370980969,0.715855311069552,0.733359445638473,0.75902521729092,0.903916255939744,1,0.830299772991834,0.80014861020276,0.947688158887449
9631,0.542692039915629,0.42939296375746,0.334423545993624,0.284493903328107,0.254735839957687,0.22700933835598,0.2145148142861,0.206399663659895,0.247680910348221,0.319252815550573,0.40068227855145,0.46944596419272,0.549795277638529,0.667238991052675,0.753778352266448,0.848926699788199,0.924941516491932,0.995476730043793,1,0.956078713964739,0.85778740061298,0.795608030540112,0.708026160445947,0.639332789405641
9643,0.869049276370185,0.8142231584819,0.805288430853274,0.715685472953504,0.686714323027093,0.683589081845735,0.641414452580579,0.572708711485302,0.352955206417291,0.436980187072261,0.357226618092151,0.226218276053614,0.330886671524168,0.31265745751652,0.423179062621287,0.508278169518429,0.535488527096369,0.45217324878524,0.541608634552815,0.631535053958465,0.578422007977184,0.520762905354469,0.943478542457287,1
9729,0.656274944753345,0.499387276184357,0.685027360523022,0.867378622044177,0.715337402607293,0.428710307036894,0.204214017410755,0.227276734031622,0.322055171655317,0.260771532220706,0.328296414112774,0.369151467548837,0.454859784115097,0.587164906784725,0.717422914787221,0.800072357950111,0.913814538086076,0.993424421186174,0.97533293642759,1,0.95781706391226,0.891884253346382,0.755462641518604,0.639720119715112
9737,0.811815471356491,0.707845456628877,0.596060842831887,0.528854397263734,0.470439078767048,0.43414637594374,0.391352495089229,0.195070149179308,0.169663980120607,0.228792988281081,0.296459840930839,0.325618200744558,0.36155567948888,0.388183599780737,0.481480322353182,0.502066980256157,0.526421780004432,0.590113167852247,0.699685633572637,0.675622889325958,0.625250625631954,0.835838312500592,1,0.978748153102862
9921,0.658210963198105,0.69299569797764,0.531097583435757,0.423977770507881,0.336413147002358,0.284672561644109,0.238983581081203,0.313135130655749,0.1593084261978,0.139315261412425,0.182444620969167,0.180240905338367,0.251376920457677,0.368850864249099,0.418784380585902,0.48728862681518,0.573570652051446,0.631882744707602,0.950113987844095,1,0.957119206324076,0.87252790119226,0.909235099280802,0.815301344500217
9922,0.401134442724186,0.330671447026079,0.293289037770203,0.258673024542859,0.229287647730476,0.224125097532457,0.227117297222752,0.209661604035823,0.300285741682941,0.48674668289609,0.538892467742677,0.563195215013533,0.629065345538039,0.664065672488695,0.708546869735983,0.809838621465685,0.819131257705859,0.857384242398842,0.951219572682156,1,0.905304681832444,0.848239197169033,0.794145868653512,0.61939255901792
9923,0.550446592946458,0.494655338116303,0.44044400660318,0.41639410839292,0.43162728357245,0.407187114279237,0.416595554927433,0.460474603422071,0.497370969331017,0.538283711329743,0.607062041319585,0.725139493302841,0.780528232680101,0.775790827414777,0.830564597533676,0.913954257959259,0.986416819908806,0.940328817053021,0.956775375790027,0.965546268770633,1,0.957894851589767,0.823917528382483,0.670531336563236
9926,0.532318857914734,0.424649189652189,0.350452310055604,0.301401279795106,0.272640535996265,0.254770528424925,0.260703131518295,0.293693956383828,0.338402198904766,0.239327794931703,0.201045014664634,0.206872492140204,0.2044104362838,0.258298809318795,0.285957690562801,0.364048311341613,0.474531675362571,0.800146090420485,1,0.921561074009169,0.696179220618644,0.604091998916066,0.535112472348811,0.971683547803965
9929,0.904790905867307,0.490363670487148,0.34626678355599,0.29462987471871,0.264071878966044,0.230665542687061,0.202572382078424,0.211451612157425,0.159286856129456,0.196149033153726,0.239478453526432,0.227890708737587,0.252991623324212,0.663866719357804,0.538942543059709,0.384656952840123,0.537551021325558,0.790047780411429,0.956782753552663,1,0.835856015192553,0.887955172290992,0.831694232794092,0.981182055060667
9932,0.703457593545617,0.65282275107482,0.489214536934778,0.332930656759542,0.248892890240108,0.223120842766931,0.226124660476337,0.0977581761820187,0.0931366293544324,0.103560231630112,0.125015560157695,0.111467307165608,0.12028684508562,0.155154705070211,0.214310712729777,0.274304411640988,0.275873956436784,0.258089615364973,0.2807253420585,0.327040584410372,0.32655487275622,0.293934509503695,0.355069551195956,1
9933,0.473695249899329,0.373450065620231,0.304144592888411,0.278144597803447,0.245453092880991,0.225178763446655,0.22721990298355,0.141881328534449,0.256861454256878,0.334136329675657,0.230149353366868,0.17211351565428,0.148216491165786,0.263950988432476,0.231197093774017,0.250729237680712,0.324023722715577,0.397035825286346,0.557531222630096,0.671776606265219,0.961739793124821,1,0.81934314878373,0.70671353462742
9934,0.507038974887147,0.557443883864855,0.561881166412389,0.760038366146081,0.456103963426685,0.297954537271973,0.210106670245531,0.2075517424976,0.204755094217839,0.225078844882556,0.266641881073908,0.242863699644677,0.313062262187192,0.411606520236118,0.497186061465357,0.547852978399146,0.657595964500027,0.807543077590955,0.779094206978276,0.82137212849856,0.993834766515418,1,0.785048042022994,0.628510421524321
9937,0.649228811384306,0.493827796192638,0.320653609268916,0.243982585666402,0.316078734797774,0.270022450909383,0.274617806693023,0.18673951498406,0.258617299695393,0.332516352263798,0.33433876113388,0.326392574456113,0.411347040234066,0.465488035190002,0.494113465784739,0.551431823750514,0.618801385360089,0.793974414947984,0.884655167458561,1,0.896707317182529,0.732452803228488,0.899770774910405,0.7718492485914
9971,1,0.481506514249241,0.219243581111648,0.144660263213214,0.124501205160698,0.103482581606059,0.0957411020955739,0.0889386279213068,0.0936122679584509,0.0904897510075292,0.140366865903936,0.223278758838504,0.227038910486732,0.280842042455844,0.367110981846213,0.387952553125915,0.52050312873168,0.565394797488809,0.62573380112431,0.70313625546338,0.18917551151514,0.199530489716205,0.257036681375743,0.947103328072438
