<?xml version="1.0"?>
<!--<!DOCTYPE metadata SYSTEM "http://www.esri.com/metadata/esriprof80.dtd">-->
<metadata xml:lang="en"><Esri><CreaDate>20100811</CreaDate><CreaTime>17283500</CreaTime><SyncOnce>FALSE</SyncOnce><DataProperties><lineage><Process ToolSource="C:\Program Files\ArcGIS\ArcToolbox\Toolboxes\Data Management Tools.tbx\DefineProjection" Date="20100811" Time="172630">DefineProjection gomspd90bin25 PROJCS['WGS_1984_Albers',GEOGCS['GCS_WGS_1984',DATUM['D_WGS_1984',SPHEROID['WGS_1984',6378137.0,298.257223563]],PRIMEM['Greenwich',0.0],UNIT['Degree',0.0174532925199433]],PROJECTION['Albers'],PARAMETER['False_Easting',0.0],PARAMETER['False_Northing',0.0],PARAMETER['Central_Meridian',-96.0],PARAMETER['Standard_Parallel_1',29.5],PARAMETER['Standard_Parallel_2',45.5],PARAMETER['Latitude_Of_Origin',23.0],UNIT['Meter',1.0]] gomspd90bin25</Process><Process ToolSource="C:\Program Files\ArcGIS\ArcToolbox\Toolboxes\Data Management Tools.tbx\Project" Date="20100811" Time="172836">Project gomspd90bin25 G:\projects\country\usa\data\local\geographic\grid100m\wind20091116\gomspd90bin25.shp GEOGCS['GCS_WGS_1984',DATUM['D_WGS_1984',SPHEROID['WGS_1984',6378137.0,298.257223563]],PRIMEM['Greenwich',0.0],UNIT['Degree',0.0174532925199433]] # PROJCS['WGS_1984_Albers',GEOGCS['GCS_WGS_1984',DATUM['D_WGS_1984',SPHEROID['WGS_1984',6378137.0,298.257223563]],PRIMEM['Greenwich',0.0],UNIT['Degree',0.0174532925199433]],PROJECTION['Albers'],PARAMETER['False_Easting',0.0],PARAMETER['False_Northing',0.0],PARAMETER['Central_Meridian',-96.0],PARAMETER['Standard_Parallel_1',29.5],PARAMETER['Standard_Parallel_2',45.5],PARAMETER['Latitude_Of_Origin',23.0],UNIT['Meter',1.0]]</Process></lineage></DataProperties><MetaID>{DAF163CE-BEB8-476E-8D29-A3A7939E0BEB}</MetaID><SyncDate>20111122</SyncDate><SyncTime>10162800</SyncTime><ModDate>20111122</ModDate><ModTime>10165900</ModTime></Esri><idinfo><citation><citeinfo><onlink>http://www.nrel.gov/gis/cfm/data/GIS_Data_Technology_Specific/United_States/Wind/High_Resolution/Gulf_of_Mexico_90m_Windspeed_Offshore_Wind_High_Resolution.zip</onlink><origin>AWS Truepower/NREL</origin><pubdate>December, 2006</pubdate><title>gulf_of_mexico_90mwindspeed_off</title><ftname Sync="TRUE">gulf_of_mexico_90mwindspeed_off</ftname><geoform Sync="TRUE">vector digital data</geoform><othercit>The annual wind speed estimates were produced by AWS Truepower using their Mesomap system and historic weather data under contract to NREL.</othercit></citeinfo></citation><native Sync="TRUE">Microsoft Windows XP Version 5.1 (Build 2600) Service Pack 3; ESRI ArcCatalog 9.3.0.1770</native><descript><langdata Sync="TRUE">en</langdata><abstract>Annual average offshore wind speed for the western Gulf of Mexico (Texas and Louisiana) at a 90 meter height.
</abstract><purpose>Provide information on the wind resource development potential for the western Gulf of Mexico (Texas and Louisiana).
</purpose><supplinf>The annual wind speed estimates were produced by AWS Truepower for an offshore mapping project using their MesoMap system and historical weather data.  This shapefile was generated from raster datasets with a 200 m spatial resolution and a projection of UTM zone 15, datum WGS 84 and then projected to Geographic Decimal Degrees, datum WGS 84.</supplinf></descript><timeperd><current>publication date</current><timeinfo><sngdate><caldate>December, 2006</caldate></sngdate></timeinfo></timeperd><status><progress>Complete</progress><update>None planned</update></status><spdom><bounding><westbc Sync="TRUE">-97.776108</westbc><eastbc Sync="TRUE">-88.070475</eastbc><northbc Sync="TRUE">30.375624</northbc><southbc Sync="TRUE">25.954157</southbc></bounding><lboundng><leftbc Sync="TRUE">-97.776108</leftbc><rightbc Sync="TRUE">-88.070475</rightbc><bottombc Sync="TRUE">25.954157</bottombc><topbc Sync="TRUE">30.375624</topbc></lboundng></spdom><keywords><theme><themekt>wind</themekt><themekey>wind</themekey><themekey>speed</themekey><themekey>offshore</themekey><themekey>resource</themekey></theme><place><placekey>Gulf of Mexico</placekey><placekey>Louisiana</placekey><placekey>Texas</placekey></place><stratum><stratkey>90 m</stratkey></stratum><theme><themekt>speed</themekt></theme><theme><themekt>offshore</themekt></theme><theme><themekt>resource</themekt></theme></keywords><accconst>None</accconst><useconst>This GIS data was developed by the National Renewable Energy Laboratory ("NREL"), which is operated by the Alliance for Sustainable Energy, LLC for the U.S. Department of Energy ("DOE"). The user is granted the right, without any fee or cost, to use, copy, modify, alter, enhance and distribute this data for any purpose whatsoever, provided that this entire notice appears in all copies of the data. Further, the user of this data agrees to credit NREL in any publications or software that incorporate or use the data. 

Access to and use of the GIS data shall further impose the following obligations on the User. The names DOE/NREL may not be used in any advertising or publicity to endorse or promote any product or commercial entity using or incorporating the GIS data unless specific written authorization is obtained from DOE/NREL. The User also understands that DOE/NREL shall not be obligated to provide updates, support, consulting, training or assistance of any kind whatsoever with regard to the use of the GIS data. 

THE GIS DATA IS PROVIDED "AS IS" AND ANY EXPRESS OR IMPLIED WARRANTIES, INCLUDING BUT NOT LIMITED TO, THE IMPLIED WARRANTIES OF MERCHANTABILITY AND FITNESS FOR A PARTICULAR PURPOSE ARE DISCLAIMED. IN NO EVENT SHALL DOE/NREL BE LIABLE FOR ANY SPECIAL, INDIRECT OR CONSEQUENTIAL DAMAGES OR ANY DAMAGES WHATSOEVER, INCLUDING BUT NOT LIMITED TO CLAIMS ASSOCIATED WITH THE LOSS OF DATA OR PROFITS, WHICH MAY RESULT FROM AN ACTION IN CONTRACT, NEGLIGENCE OR OTHER TORTIOUS CLAIM THAT ARISES OUT OF OR IN CONNECTION WITH THE ACCESS OR USE OF THE GIS DATA. 

The User acknowledges that access to the GIS data is subject to U.S. Export laws and regulations and any use or transfer of the GIS data must be authorized under those regulations. The User shall not use, distribute, transfer, or transmit GIS data or any products incorporating the GIS data except in compliance with U.S. export regulations. If requested by DOE/NREL, the User agrees to sign written assurances and other export-related documentation as may be required to comply with U.S. export regulations.</useconst><natvform Sync="TRUE">Shapefile</natvform><ptcontac><cntinfo><cntperp><cntper>Donna Heimiller</cntper><cntorg>National Renewable Energy Laboratory</cntorg></cntperp><cntpos>Scientist II (GIS)</cntpos><cntvoice>303-384-7098</cntvoice><cntfax>303-275-4675</cntfax><cntemail>donna.heimiller@nrel.gov</cntemail></cntinfo></ptcontac></idinfo><distInfo><distributor><distorTran><onLineSrc><linkage Sync="TRUE">file://\\PGRAY-12799S\C\Documents and Settings\PGray\Desktop\GISdatazipfiles\Wind_Data\extracted_wind\gom\gulf_of_mexico_90mwindspeed_off.shp</linkage><protocol Sync="TRUE">Local Area Network</protocol><orDesc Sync="TRUE">002</orDesc></onLineSrc><transSize Sync="TRUE">2.475</transSize></distorTran><distorFormat><formatName Sync="TRUE">Shapefile</formatName></distorFormat></distributor></distInfo><dataqual><lineage><procstep><procdesc Sync="TRUE">Dataset copied.</procdesc><procdate Sync="TRUE">20100811</procdate><proctime Sync="TRUE">17283500</proctime></procstep></lineage></dataqual><dataIdInfo><envirDesc Sync="TRUE">Microsoft Windows XP Version 5.1 (Build 2600) Service Pack 3; ESRI ArcCatalog 9.3.0.1770</envirDesc><dataLang><languageCode Sync="TRUE" value="en"></languageCode></dataLang><idCitation><resTitle Sync="TRUE">gulf_of_mexico_90mwindspeed_off</resTitle><presForm><PresFormCd Sync="TRUE" value="005"></PresFormCd></presForm></idCitation><spatRpType><SpatRepTypCd Sync="TRUE" value="001"></SpatRepTypCd></spatRpType><dataExt><geoEle><GeoBndBox esriExtentType="native"><westBL Sync="TRUE">-97.776108</westBL><eastBL Sync="TRUE">-88.070475</eastBL><northBL Sync="TRUE">30.375624</northBL><southBL Sync="TRUE">25.954157</southBL><exTypeCode Sync="TRUE">1</exTypeCode></GeoBndBox></geoEle></dataExt><geoBox esriExtentType="decdegrees"><westBL Sync="TRUE">-97.776108</westBL><eastBL Sync="TRUE">-88.070475</eastBL><northBL Sync="TRUE">30.375624</northBL><southBL Sync="TRUE">25.954157</southBL><exTypeCode Sync="TRUE">1</exTypeCode></geoBox></dataIdInfo><metainfo><langmeta Sync="TRUE">en</langmeta><metstdn Sync="TRUE">FGDC Content Standards for Digital Geospatial Metadata</metstdn><metstdv Sync="TRUE">FGDC-STD-001-1998</metstdv><mettc Sync="TRUE">local time</mettc><metc><cntinfo><cntorgp><cntper>Steven Haymes</cntper><cntorg>National Renewable Energy Laboratory</cntorg></cntorgp><cntaddr><addrtype>mailing address</addrtype><city>Golden</city><state>CO</state><postal>80401-3393</postal><address>1617 Cole Boulevard</address><country>USA</country></cntaddr><cntvoice>303-384-7012</cntvoice><cntpos>Scientist II (GIS)</cntpos><cntfax>303-384-6901</cntfax><cntemail>steve.haymes@nrel.gov</cntemail></cntinfo></metc><metd Sync="TRUE">20111122</metd><metextns><onlink Sync="TRUE">http://www.esri.com/metadata/esriprof80.html</onlink><metprof Sync="TRUE">ESRI Metadata Profile</metprof></metextns></metainfo><mdLang><languageCode Sync="TRUE" value="en"></languageCode></mdLang><mdStanName Sync="TRUE">ISO 19115 Geographic Information - Metadata</mdStanName><mdStanVer Sync="TRUE">DIS_ESRI1.0</mdStanVer><mdChar><CharSetCd Sync="TRUE" value="004"></CharSetCd></mdChar><mdHrLv><ScopeCd Sync="TRUE" value="005"></ScopeCd></mdHrLv><mdHrLvName Sync="TRUE">dataset</mdHrLvName><distinfo><resdesc Sync="TRUE">Downloadable Data</resdesc><stdorder><digform><digtinfo><transize Sync="TRUE">2.475</transize><dssize Sync="TRUE">2.475</dssize></digtinfo></digform></stdorder><distrib><cntinfo/></distrib></distinfo><spdoinfo><direct Sync="TRUE">Vector</direct><ptvctinf><esriterm Name="gulf_of_mexico_90mwindspeed_off"><efeatyp Sync="TRUE">Simple</efeatyp><efeageom Sync="TRUE">Polygon</efeageom><esritopo Sync="TRUE">FALSE</esritopo><efeacnt Sync="TRUE">2843</efeacnt><spindex Sync="TRUE">TRUE</spindex><linrefer Sync="TRUE">FALSE</linrefer></esriterm><sdtsterm Name="gulf_of_mexico_90mwindspeed_off"><sdtstype Sync="TRUE">G-polygon</sdtstype><ptvctcnt Sync="TRUE">2843</ptvctcnt></sdtsterm></ptvctinf></spdoinfo><spref><horizsys><cordsysn><geogcsn Sync="TRUE">GCS_WGS_1984</geogcsn></cordsysn><geograph><geogunit Sync="TRUE">Decimal degrees</geogunit><latres Sync="TRUE">0.000000</latres><longres Sync="TRUE">0.000000</longres></geograph><geodetic><horizdn Sync="TRUE">D_WGS_1984</horizdn><ellips Sync="TRUE">WGS_1984</ellips><semiaxis Sync="TRUE">6378137.000000</semiaxis><denflat Sync="TRUE">298.257224</denflat></geodetic></horizsys></spref><refSysInfo><RefSystem><refSysID><identCode Sync="TRUE">GCS_WGS_1984</identCode></refSysID></RefSystem></refSysInfo><spatRepInfo><VectSpatRep><topLvl><TopoLevCd Sync="TRUE" value="001"></TopoLevCd></topLvl><geometObjs Name="gulf_of_mexico_90mwindspeed_off"><geoObjTyp><GeoObjTypCd Sync="TRUE" value="001"></GeoObjTypCd></geoObjTyp><geoObjCnt Sync="TRUE">2843</geoObjCnt></geometObjs></VectSpatRep></spatRepInfo><eainfo><detailed Name="gulf_of_mexico_90mwindspeed_off"><enttyp><enttypl>gulf_of_mexico_90mwindspeed_off</enttypl><enttypt Sync="TRUE">Feature Class</enttypt><enttypc Sync="TRUE">2843</enttypc><enttypd>Gulf of Mexico offshore wind speed at a 90-m height</enttypd></enttyp><attr><attrlabl Sync="TRUE">FID</attrlabl><attalias Sync="TRUE">FID</attalias><attrtype Sync="TRUE">OID</attrtype><attwidth Sync="TRUE">4</attwidth><atprecis Sync="TRUE">0</atprecis><attscale Sync="TRUE">0</attscale><attrdef Sync="TRUE">Internal feature number.</attrdef><attrdefs Sync="TRUE">ESRI</attrdefs><attrdomv><udom Sync="TRUE">Sequential unique whole numbers that are automatically generated.</udom></attrdomv></attr><attr><attrlabl Sync="TRUE">Shape</attrlabl><attalias Sync="TRUE">Shape</attalias><attrtype Sync="TRUE">Geometry</attrtype><attwidth Sync="TRUE">0</attwidth><atprecis Sync="TRUE">0</atprecis><attscale Sync="TRUE">0</attscale><attrdef Sync="TRUE">Feature geometry.</attrdef><attrdefs Sync="TRUE">ESRI</attrdefs><attrdomv><udom Sync="TRUE">Coordinates defining the features.</udom></attrdomv></attr><attr><attrlabl Sync="TRUE">ID</attrlabl><attalias Sync="TRUE">ID</attalias><attrtype Sync="TRUE">Number</attrtype><attwidth Sync="TRUE">10</attwidth></attr><attr><attrlabl Sync="TRUE">GRIDCODE</attrlabl><attalias Sync="TRUE">GRIDCODE</attalias><attrtype Sync="TRUE">Number</attrtype><attwidth Sync="TRUE">10</attwidth><attrdef>binned wind speed * 1000</attrdef></attr><attr><attrlabl Sync="TRUE">Speed_90</attrlabl><attalias Sync="TRUE">Speed_90</attalias><attrtype Sync="TRUE">Float</attrtype><attwidth Sync="TRUE">13</attwidth><attrdef>GRIDCODE / 1000</attrdef><atnumdec Sync="TRUE">11</atnumdec></attr></detailed></eainfo><mdDateSt Sync="TRUE">20111122</mdDateSt></metadata>
